74005,The Metropolitan Hotel & Spa New Delhi,New Delhi,"Bangla Saheb Road, Connaught Place",5,https://www.booking.com/hotel/in/nikko.html,11185939,188
74024,La Place Sarovar Portico,Lucknow,"6, Shahnajaf Road, Hazratganj |Lucknow -226001",3,https://www.booking.com/hotel/in/laplace.html,8928850,97
74050,Sheraton Grand Pune Bund Garden Hotel,Pune,Raja Bahadur Mill Road,5,https://www.booking.com/hotel/in/sheraton-grand-pune.html,10824273,166
74087,Hotel Arya Niwas,Jaipur,"Behind Amber Tower,Sansar Chandra Road Near MI Road",3,https://www.booking.com/hotel/in/aryaniwas.html,10727762,82
74106,"Hotel Pallvi Palace ""A Well Hygiene Place""",New Delhi,"8572, Arakashan Road Pahar Ganj",3,https://www.booking.com/hotel/in/pallvi.html,8014802,20
74110,"Hotel Yuvraj Deluxe-""Hygienic Hotel""",New Delhi,38 Arakashan Road Pahar Ganj,3,https://www.booking.com/hotel/in/yuvraj.html,9214645,35
74118,Westend Inn,New Delhi,"Adjoining Shiv murti, National highway No: 08, Rangpuri, Mahipalpur",4,https://www.booking.com/hotel/in/westend-inn.html,8143799,124
74132,The C Park Inn Karol Bagh Homely Atmosphere,New Delhi,"1042/15,Abdul Rahman Road,Naiwalan Karol Bagh",3,https://www.booking.com/hotel/in/c-park-inn.html,9259141,22
74156,Hotel Shikha Jaipur City Centre,Jaipur,"R-14, Yudhishthir Marg, C-Scheme",3,https://www.booking.com/hotel/in/shikha.html,6854486,25
74209,"Amarpreet, Aurangabad - AM Hotel Kollection",Aurangabad,"Amarpreet Chowk, Jalna Road",3,https://www.booking.com/hotel/in/amarpreet.html,7834033,30
74211,FabHotel Le Heritage Karol Bagh,New Delhi,"8A/3 Wea Pusa Road, Near Telephone Exchange,",3,https://www.booking.com/hotel/in/le-heritage.html,8932383,2
74268,Radisson Mumbai Goregaon,Mumbai,"Junction of S.V. Road & Veer Savarkar Road Flyover, Goregaon West",4,https://www.booking.com/hotel/in/grand-sarovar-premire-mumbai.html,11132461,87
74701,The Gateway Hotel Ambad,Nashik," P-17, MIDC Ambad, Mumbai - Agra Road",5,https://www.booking.com/hotel/in/taj-residency.html,10045741,163
74702,"Vivanta Aurangabad, Maharashtra",Aurangabad," 8-N - 12, CIDCO, Rauza Bagh",5,https://www.booking.com/hotel/in/taj-residency-aurangabad.html,9998467,63
74703,The Gateway Hotel Beach Road,Visakhapatnam,Beach Road,5,https://www.booking.com/hotel/in/taj-residency-visakhapatnam.html,10956385,95
74704,Vivanta Vadodara,Vadodara,Akota Gardens,5,https://www.booking.com/hotel/in/taj-residency-vadodara.html,9259143,64
74705,The Gateway Hotel Pasumalai Madurai,Madurai," No. 40 TPK Road, Pasumalai",5,https://www.booking.com/hotel/in/taj-garden-retreat.html,10677388,57
74706,Gateway Chikmagalur - IHCL SeleQtions,Chikmagalūr,"K.M. Road, Opposite Pavitravana, Jyothinagar Post",4,https://www.booking.com/hotel/in/taj-garden-retreat-chikmagalur.html,6576487,28
74708,Savoy - IHCL SeleQtions,Ooty,"77, Sylks Road",4,https://www.booking.com/hotel/in/taj-savoy.html,9370828,40
74709,"Ramgarh Lodge, Jaipur – IHCL SeleQtions",Jaipur,"The Ramgarh Lake, Jamwa Ramgarh, Jaipur",5,https://www.booking.com/hotel/in/ramgarh-lodge.html,8530497,14
74710,Taj Club House,Chennai,No. 2 Club House Road,5,https://www.booking.com/hotel/in/taj-mount-road.html,9401846,220
74711,Blue Diamond Pune IHCL SeleQtions,Pune,"11, Koregaon Park Rd, Vasani Nagar, ",5,https://www.booking.com/hotel/in/taj-blue-diamond.html,9901153,110
74712,Vivanta Mangalore Oldport Road,Mangalore,"Old Port Road, Karnataka",4,https://www.booking.com/hotel/in/manjarun.html,10562566,98
74713,Surat Marriott Hotel,Surat,"Ambika Niketan, Athwa Lines, Surat Dumas Road",5,https://www.booking.com/hotel/in/gateway-on-athwa-lines.html,11095180,176
74714,Rambagh Palace,Jaipur,Bhawani Singh Road,5,https://www.booking.com/hotel/in/rambagh-palace.html,10066337,78
74715,Taj Mahal Lucknow,Lucknow,"Vipin Khand, Gomti Nagar",5,https://www.booking.com/hotel/in/taj-residency-lucknow.html,10129549,107
74716,"Taj Fisherman’s Cove Resort & Spa, Chennai",Mahabalipuram,"Covelong Beach, Kancheepuram District",5,https://www.booking.com/hotel/in/fisherman-s-cove.html,10713401,150
74717,The Taj Mahal Tower Mumbai,Mumbai,Apollo Bunder,5,https://www.booking.com/hotel/in/the-taj-mahal-palace-tower.html,11187805,225
74718,"Taj Holiday Village Resort & Spa, Goa",Candolim,"Dando, Bardez",5,https://www.booking.com/hotel/in/taj-holiday-village.html,11070017,140
74719,"Taj Fort Aguada Resort & Spa, Goa",Candolim,Sinquerim Beach,5,https://www.booking.com/hotel/in/fort-aguada-beach-resort.html,10890789,143
74720,Jai Mahal Palace,Jaipur,"Jacob Road, Civil Lines",5,https://www.booking.com/hotel/in/jaimahal-palace.html,10812484,100
74721,Umaid Bhawan Palace Jodhpur,Jodhpur,Palace Road,5,https://www.booking.com/hotel/in/umaid-bhawan-place.html,10348842,70
74722,Taj Lands End,Mumbai,"Bandstand, Bandra West, Maharashtra",5,https://www.booking.com/hotel/in/taj-lands-end.html,11166782,482
74723,Gateway Coonoor - IHCL SeleQtions,Coonoor,"Church Road, Upper Coonoor",4,https://www.booking.com/hotel/in/gateway-coonoor.html,9370829,32
74724,"Taj Exotica Resort & Spa, Goa",Benaulim,Benaulim Beach,5,https://www.booking.com/hotel/in/taj-exotica-goa.html,10943575,140
74725,"Taj Mahal, New Delhi",New Delhi,No 1 Mansingh Road,5,https://www.booking.com/hotel/in/the-taj-mahal-new-delhi.html,11146099,213
74727,Taj Deccan,Hyderabad,Road # 1 Banjara Hills  ,5,https://www.booking.com/hotel/in/taj-deccan.html,10894895,156
74728,Taj Bengal,Kolkata,"34B, Belvedere Road, Alipore Kolkata 700027",5,https://www.booking.com/hotel/in/taj-bengal.html,10386245,226
74729,"Taj Palace, New Delhi",New Delhi,Sardar Patel Marg,5,https://www.booking.com/hotel/in/taj-palace-new-delhi.html,11165613,378
74730,"Taj Connemara, Chennai",Chennai,No 2 Binny Road,5,https://www.booking.com/hotel/in/taj-connemara.html,11172937,147
74731,Taj West End,Bangalore,Race Course Road,5,https://www.booking.com/hotel/in/taj-west-end.html,10728659,117
74732,Taj Lake Palace Udaipur,Udaipur,P O Box No 5 Pichola Lake,5,https://www.booking.com/hotel/in/taj-lake-palace.html,10697880,83
74733,The Ummed Ahmedabad Airport,Ahmedabad,Near Airport Circle,5,https://www.booking.com/hotel/in/taj-residency-ummed.html,9369034,91
74734,"Vivanta Vijayawada, MG Road",Vijayawāda,"39-1-63, MG Road",5,https://www.booking.com/hotel/in/the-gateway.html,10913296,108
74735,Taj Hari Mahal Jodhpur,Jodhpur,"5, Residency Road",5,https://www.booking.com/hotel/in/taj-hari-mahal.html,10415844,93
74736,President - IHCL SeleQtions,Mumbai,"90 Cuffe Parade, Maharashtra",5,https://www.booking.com/hotel/in/taj-president.html,11131138,288
74737,Taj Krishna,Hyderabad,Road no.1 Banjara Hills,5,https://www.booking.com/hotel/in/taj-krishna.html,10860085,257
74738,"Ambassador, New Delhi - IHCL SeleQtions",New Delhi,"Sujan Singh Park, Subramania Bharti Marg",5,https://www.booking.com/hotel/in/the-ambassador-new-delhi.html,11083973,88
74739,Taj MG Road Bengaluru,Bangalore,"41/3, M.G. Road",5,https://www.booking.com/hotel/in/taj-residency-bangalore.html,10877662,165
74740,Vivanta Bengaluru Residency Road,Bangalore,"# 66, Residency Road",5,https://www.booking.com/hotel/in/gateway-on-residency-road.html,10269339,98
74741,Taj Kumarakom Resort and Spa Kerala,Kumarakom,"1/404, Kumarakom, Kottayam",5,https://www.booking.com/hotel/in/taj-garden-retreat-kottayam.html,8427300,28
74743,Gateway Varkala - IHCL SeleQtions,Varkala,Janardhanapuram,4,https://www.booking.com/hotel/in/taj-garden-retreat-varkala.html,10788603,31
74744,Taj Green Cove Resort and Spa Kovalam,Kovalam,"G.V. Raja Vattapara Road, Trivandrum",5,https://www.booking.com/hotel/in/taj-green-cove-resort.html,10898922,53
74745,"The Gateway Hotel Marine Drive, Ernakulam",Cochin,Marine Drive,5,https://www.booking.com/hotel/in/taj-residency-ernakulam.html,10042769,130
74746,"Taj Malabar Resort & Spa, Cochin.",Cochin,"Willingdon Island, Cochin",5,https://www.booking.com/hotel/in/taj-malabar.html,10303111,85
74747,Tajview – IHCL SeleQtions,Agra,"Fatehabad Road, Taj Ganj",5,https://www.booking.com/hotel/in/taj-view-agra.html,9973336,92
74748,Hotel Rawalkot Jaisalmer,Jaisalmer,Jodhpur Road,4,https://www.booking.com/hotel/in/rawal-kot-jaisalmer.html,8930604,20
74749,Sawai Madhopur Lodge - IHCL SeleQtions,Sawāi Mādhopur,Ranthambore National Park Road,5,https://www.booking.com/hotel/in/the-sawai-madhopur-lodge.html,9100208,36
74750,Taj Usha Kiran Palace,Gwalior,"Jayendraganj Lashkar, ",5,https://www.booking.com/hotel/in/usha-kiran-palace-gwalior.html,9179910,50
74752,"Taj Ganges, Varanasi",Varanasi,Nadesar Palace Grounds,5,https://www.booking.com/hotel/in/taj-ganges-varanasi.html,10400498,130
74753,The Gateway Hotel Beach Road,Kozhikode,P.T.Usha Road,5,https://www.booking.com/hotel/in/taj-residency-calicut.html,9512801,74
74754,Taj Coromandel,Chennai,"No 37, M.G Road, Nungambakkam",5,https://www.booking.com/hotel/in/taj-coromandel.html,10697881,221
74755,Taj Chandigarh,Chandīgarh,"Block No 9, Sector 17 A",5,https://www.booking.com/hotel/in/taj-chandigarh.html,10350108,149
76741,Trident Agra,Agra,Fatehabad Road,5,https://www.booking.com/hotel/in/trident-agra.html,10286624,145
76806,The Grand Imperial - Heritage Hotel,Agra,M.G. Road Opp DM's Bungalow,5,https://www.booking.com/hotel/in/the-grand-imperial.html,10795481,30
77814,The Oberoi New Delhi,New Delhi,Dr. Zakir Hussain Marg,5,https://www.booking.com/hotel/in/the-oberoi-new-delhi.html,11129982,281
78654,The Oberoi Grand Kolkata,Kolkata,15 Jawaharlal Nehru Road,5,https://www.booking.com/hotel/in/the-oberoi-grand-kolkata.html,11120301,209
78785,The Oberoi Cecil,Shimla,"Chaura Maidan, Near Ambetkar Chowk ",5,https://www.booking.com/hotel/in/the-oberoi-cecil.html,10763594,255
78786,The Oberoi Udaivilas Udaipur,Udaipur,"Haridasji Ki Magri, Udaipur, Rajasthan",5,https://www.booking.com/hotel/in/the-oberoi-udaivilas.html,10976346,120
78787,"The Oberoi Vanyavilas Wildlife Resort, Ranthambhore",Sawāi Mādhopur,Ranthambhore Road,5,https://www.booking.com/hotel/in/the-oberoi-vanyavilas-ranthambhore.html,10877665,15
78788,The Oberoi Rajvilas Jaipur,Jaipur,Goner Road,5,https://www.booking.com/hotel/in/the-oberoi-rajvilas-jaipur.html,11083040,77
78789,"Wildflower Hall, An Oberoi Resort, Shimla",Shimla,Chharabra,5,https://www.booking.com/hotel/in/wildflower-hall-shimla.html,11039883,219
78790,The Oberoi Mumbai,Mumbai,Nariman Point ,5,https://www.booking.com/hotel/in/the-oberoi-mumbai.html,11188282,295
78792,Maidens Hotel New Delhi,New Delhi,"7, Sham Nath Marg",5,https://www.booking.com/hotel/in/maidens.html,11152460,155
78793,Trident Gurgaon,Gurgaon,"443 Udyog Vihar, Phase V",5,https://www.booking.com/hotel/in/trident-gurgoan.html,10864705,170
78794,Trident Nariman Point,Mumbai,Nariman Point,5,https://www.booking.com/hotel/in/trident-nariman-point.html,11192154,297
78795,Trident Cochin,Cochin,"Bristow Road, Willingdon Island",5,https://www.booking.com/hotel/in/trident-cochin.html,10456428,120
78796,Trident Udaipur,Udaipur,"Haridasji Ki Magri, Udaipur, Rajasthan",5,https://www.booking.com/hotel/in/trident-udaipur.html,10864706,290
78797,Trident Chennai,Chennai,1/24 G.S.T Road,5,https://www.booking.com/hotel/in/trident-chennai.html,10627510,220
78798,Trident Jaipur,Jaipur,"Amber Fort Road, Opposite Jal Mahal ",5,https://www.booking.com/hotel/in/trident-jaipur.html,10835065,220
78799,Trident Bhubaneswar,Bhubaneshwar,CB-1 Nayapalli ,5,https://www.booking.com/hotel/in/trident-bhubaneswar.html,10849706,70
78800,The Oberoi Bengaluru,Bangalore,"37-39, Mahatma Gandhi Road ",5,https://www.booking.com/hotel/in/the-oberoi-bangalore.html,11126705,180
78801,The Oberoi Amarvilas Agra,Agra,Taj East Gate Road,5,https://www.booking.com/hotel/in/the-oberoi-amarvilas-agra.html,11048352,125
79447,Hotel Jewel Palace,New Delhi,2624 Bank Street Karol Bagh,3,https://www.booking.com/hotel/in/jewel-palace.html,7705919,58
171931,The Lalit Mumbai-Airport,Mumbai,Sahar Airport Road,5,https://www.booking.com/hotel/in/the-lalit-mumbai.html,11162962,386
172724,Royal Orchid Golden Suites Pune,Pune,"Golden Nest, Opp. Cerebrum IT Park, Kalyani Nagar",4,https://www.booking.com/hotel/in/royal-orchid-golden-suites.html,10583399,71
172953,"Lemon Tree Hotel, Ahmedabad",Ahmedabad,"434/1, Mithakali Six Cross Roads",4,https://www.booking.com/hotel/in/the-lemon-tree-ahmedabad.html,7258639,124
173284,Ramada Plaza by Wyndham JHV Varanasi,Varanasi,"The Mall Cantonment, Uttar Pradesh",5,https://www.booking.com/hotel/in/ramada-plaza-jhv.html,11074232,90
173287,The LaLiT New Delhi,New Delhi,Barakhamba Avenue,5,https://www.booking.com/hotel/in/the-lalit-new-delhi.html,11186970,456
173288,The Lalit Ashok,Bangalore,Kumara Krupa High Grounds,5,https://www.booking.com/hotel/in/the-lalit-ashok.html,10954865,191
175533,Hotel Kingston Park near Karol Bagh Metro Station,New Delhi,"8/5, Wea , Karol Bagh",3,https://www.booking.com/hotel/in/kingston-park.html,10830419,20
175725,Evoma,Bangalore,"#14 Bhattrahalli, Old Madras Road",4,https://www.booking.com/hotel/in/evoma.html,9059750,66
177593,Hotel Aura,New Delhi,"31, Arakashan Road, Pahar Ganj",3,https://www.booking.com/hotel/in/aura.html,11088793,27
191601,Grand Mercure Bangalore - An Accor Brand,Bangalore,"3rd Block,12th Main, Koramangala",5,https://www.booking.com/hotel/in/mercure-homestead-residences.html,10970663,129
191605,Novotel Mumbai Juhu Beach,Mumbai,"Juhu Beach, Maharastra",5,https://www.booking.com/hotel/in/novotel-mumbai-juhu-beach.html,11186587,271
191710,Novotel Hyderabad Airport,Hyderabad,Rajiv Gandhi Intl Airport,5,https://www.booking.com/hotel/in/novotel-hyderabad-airport-hyderabad.html,11125941,346
237300,Hyderabad Marriott Hotel & Convention Centre,Hyderabad,"Opp - Hussain Sagar Lake, Tank Bund Road,",5,https://www.booking.com/hotel/in/hyderabad-marriott-convention-centre.html,10689806,400
237446,Courtyard by Marriott Pune Hinjewadi,Pune,"S.No 19&20, Rajiv Gandhi Infotech Park, Phase 1, Hinjewadi",4,https://www.booking.com/hotel/in/courtyard-marriott-pune-hinjewadi.html,9926438,151
237757,"Hotel Taj Plaza, VIP Road, Agra",Agra,"Taj Mahal East Gate, Shilpgram 'VIP' Road.",3,https://www.booking.com/hotel/in/taj-plaza-agra.html,7919499,42
237786,"InterContinental Marine Drive Mumbai, an IHG Hotel",Mumbai,135 Marine Drive,5,https://www.booking.com/hotel/in/intercontinental-marine-drive-mumbai.html,11123093,61
237940,Regal Enclave,Mumbai,"4th Road,Near Khar Market, Khar West,",3,https://www.booking.com/hotel/in/regal-enclave.html,8708512,34
237961,Lemon Tree Premier City Center,Gurgaon,287 millennium city center Sector 29,4,https://www.booking.com/hotel/in/the-lemon-tree-city-centre.html,9168943,61
237966,"Lemon Tree Hotel, Udyog Vihar, Gurugram",Gurgaon,"866, Udyog Vihar, Phase V",4,https://www.booking.com/hotel/in/the-lemon-tree-udyog-vihar-gurgaon.html,8200997,50
238135,"Crowne Plaza Today Gurugram, an IHG Hotel",Gurgaon,"Site 2 Sector 29, National Highway 8",5,https://www.booking.com/hotel/in/crowne-plaza-today-gurgaon.html,10529182,243
238150,"Taj City Centre New Town, Kolkata",Kolkata,"City Center Two Action Area 2 D. Plot No. 11/5 New Town, Rajarhat",5,https://www.booking.com/hotel/in/swissotel-kolkata.html,10910889,147
238335,Courtyard by Marriott Chennai,Chennai,"564, Anna Salai, Teynampet",4,https://www.booking.com/hotel/in/courtyard-by-marriott-chennai.html,10749103,244
238824,The Westin Mumbai Powai Lake,Mumbai,"2 & 3B Near Chinmayanand Ashram, Powai",5,https://www.booking.com/hotel/in/renaissance-mumbai-convention-center.html,11174523,589
238987,Hotel Parle International,Mumbai,"Tejpal Road, B.N. Agarwal Commercial Complex, Vile Parle (East)",3,https://www.booking.com/hotel/in/parle-international-mumbai.html,10564726,101
238999,Courtyard by Marriott Mumbai International Airport,Mumbai,"Andheri - Kurla Road, Andheri (E)",5,https://www.booking.com/hotel/in/courtyard-by-marriott-mumbai-international-airport.html,11179565,465
239462,"Fariyas Hotel Mumbai , Colaba",Mumbai,"25, Off Arthur Bunder Road, Colaba",4,https://www.booking.com/hotel/in/fariyas.html,11156852,89
239671,Chances Resort and Casino An Indy Resort,Panaji,"Vainguinim Valley, 184/189, Machado's Cove, Dona Paula",4,https://www.booking.com/hotel/in/vainguinim-valley-resort.html,8928890,60
239753,Airport Hotel Le Seasons New Delhi,New Delhi,"A-1A, A Block, Mahipal Pur Ext. NH-8",4,https://www.booking.com/hotel/in/le-seasons-delhi.html,10553890,39
239754,Hotel Southern,New Delhi,"18/2, Arya Samaj Road, Karol Bagh",3,https://www.booking.com/hotel/in/southern-new-delhi.html,10342436,48
239817,"Hotel Hindusthan International, Kolkata",Kolkata,235/1 AJC Bose Road,5,https://www.booking.com/hotel/in/the-hindusthan-international.html,8353256,180
240190,Regenta Place The Emerald,Mumbai,Juhu Tara Road,4,https://www.booking.com/hotel/in/the-emerald-executive-apartments.html,9315697,29
240269,Novotel Hyderabad Convention Centre,Hyderabad,"Novotel & HICC Complex (Adjacent to Hitec City), P O Bag 1101",5,https://www.booking.com/hotel/in/novotel-hyderabad-convention-center.html,11179896,283
240356,ibis Gurgaon Golf Course Road - An Accor Brand,Gurgaon,Sector 53 Golf Course Road,4,https://www.booking.com/hotel/in/ibis-gurgaon.html,9862245,143
240362,ibis Pune Viman Nagar - An Accor Brand,Pune,"Viman Nagar Nagar Road, Maharashtra",3,https://www.booking.com/hotel/in/ibis-pune.html,7620416,160
241283,Casa Cottage,Bangalore,"2, Clapham Street, Richmond Town",3,https://www.booking.com/hotel/in/casa-cottage-banglore.html,9641970,11
241450,The Raj Palace (Small Luxury Hotels of the World),Jaipur,"Zorawer Singh Gate, Amer Road",5,https://www.booking.com/hotel/in/the-raj-palace-jaipur.html,10965295,28
241756,Shantai Hotel,Pune,"Off. Moledina Road, 10/3, Rasta Peth",3,https://www.booking.com/hotel/in/shantai.html,10087832,48
241838,Hotel Marine Plaza,Mumbai,29 Marine Drive,5,https://www.booking.com/hotel/in/marine-plaza.html,11116582,102
242056,West End Hotel Opp Bombay Hospital,Mumbai,45 New Marine Lines,4,https://www.booking.com/hotel/in/west-end.html,9449739,66
242460,"Holiday Inn Mumbai International Airport, an IHG Hotel",Mumbai,"Sakinaka Junction, Andheri Kurla Road, Andheri East",5,https://www.booking.com/hotel/in/holiday-inn-mumbai-international-airport.html,11094335,249
242461,Hotel Airport International Mumbai,Mumbai,"Near Domestic Airport, Vile Parle ( E )",3,https://www.booking.com/hotel/in/airport-international.html,10600651,49
242463,Sarang Palace - Boutique Stays & Candlelight Dining,Jaipur,"A-40, Subhash Nagar, Near Peetal factory, Zhotwara Road",3,https://www.booking.com/hotel/in/sarang-palace-jaipur.html,9705707,26
242675,The Oterra,Bangalore,No 43 Electronics City Phase 1 Hosur Road,5,https://www.booking.com/hotel/in/crowne-plaza-bengaluru-electronics-city.html,9465505,264
242678,Shangri-La Eros New Delhi,New Delhi,"19 Ashoka Road, Connaught Place",5,https://www.booking.com/hotel/in/shangri-la-new-delhi.html,11179626,317
242914,Courtyard by Marriott Ahmedabad,Ahmedabad,"Ramdev Nagar Cross Road, Satellite",5,https://www.booking.com/hotel/in/courtyard-by-marriott-ahmedabad.html,8885136,164
243750,Park Ornate Hotel,Pune,"Near TCS & Siddharth Complex, 1 Km ahead of Bund Garden Bridge Nagar Road",4,https://www.booking.com/hotel/in/park-ornate-park-cental-and-phoenix.html,10475718,48
243753,Hotel Park Central Comfort- E- Suites,Pune,"Near Bund Garden Signal, Koregaon Park,",3,https://www.booking.com/hotel/in/park-central-comfort-e-suites.html,10010228,40
243756,Hotel Phoenix Koregaon Park,Pune,"S.No:81/1, 500 Mtrs ahead of ABC Farms Ltd, Opp. Satellite Tower,Koregaon Park , Pune - 411001",3,https://www.booking.com/hotel/in/phoenix.html,9613946,31
243822,Radisson Jaipur City Center,Jaipur,"Khasa Kothi Circle, M.I. Road",5,https://www.booking.com/hotel/in/country-inn-suites-by-carlson-jaipur.html,10839499,201
243954,Hotel Parc Estique,Pune,"Nagar Road, Near Giga Space, Viman Nagar",4,https://www.booking.com/hotel/in/parc-estique.html,9976605,123
244526,Hotel Bawa International,Mumbai,"Near Domestic Airport, Vile Parle East, Nehru road Extension",3,https://www.booking.com/hotel/in/bawa-international.html,11091961,84
244538,Hotel Bawa Continental,Mumbai,"Near Juhu Beach, Juhu Tara Road, Juhu Vile Parle West ",3,https://www.booking.com/hotel/in/bawa-continental.html,10964847,18
244711,Ramee Guestline Hotel Juhu,Mumbai,"462, A.B. Nair Road, Juhu",4,https://www.booking.com/hotel/in/ramee-guestline-juhu-mumbai.html,10647888,89
244714,Ramee Guestline Hotel Khar,Mumbai,"757, S.V.Road, Khar (W)",3,https://www.booking.com/hotel/in/ramee-guestline-khar-mumbai.html,10436440,36
244730,Ramee Guestline Hotel Dadar,Mumbai,"Plot No.3, Kohinoor Road, Opp.Swami Narayan Temple, Dadar (E)",4,https://www.booking.com/hotel/in/ramee-guestline-dadar-mumbai.html,9862250,46
244749,Ramee Guestline Hotel Bangalore,Attibele,"Plot No.1&2, KIADB Indl.Area, Attibele",4,https://www.booking.com/hotel/in/ramee-guestline-bangalore.html,2290139,96
244894,Chateau Windsor Hotel - Marine Drive,Mumbai,"86 Veer Nariman Road, Churchgate",3,https://www.booking.com/hotel/in/chateau-windsor.html,11116583,66
244958,Royalton Hyderabad Abids,Hyderabad,"5-9-208/2, Chirag Ali Lane",4,https://www.booking.com/hotel/in/royalton-hyderabad-abids.html,9707446,78
245342,Peninsula Grand,Mumbai,Sakinaka junction,4,https://www.booking.com/hotel/in/peninsula-grand.html,7824907,81
246222,Residency Hotel Andheri,Mumbai,"Suren Road, Opp, Cinemax Theatre,Andheri-Kurla Road",3,https://www.booking.com/hotel/in/residency-mumbai-400-093.html,11095416,40
246230,Grand Hotel,Agra,"137, Station Road, Agra Cantt",3,https://www.booking.com/hotel/in/grand.html,5733554,71
246255,Umaid Bhawan - A Heritage Style Boutique Hotel,Jaipur,D1-2A Behari Marg Via Bank Road Bani Park,4,https://www.booking.com/hotel/in/umaid-bhawan.html,10940112,68
246806,Ramada Plaza By Wyndham Palm Grove,Mumbai,"Juhu Tara Road, Juhu Beach",5,https://www.booking.com/hotel/in/ramada-plaza-palm-grove.html,10945268,115
248094,Residency Hotel Fort,Mumbai,"26 Rustom Sidhwa Marg, Corner of D.N. Road, Fort",3,https://www.booking.com/hotel/in/residency-mumbai.html,11175493,39
249392,KK Royal Hotel & Convention Centre,Jaipur,Delhi Road,4,https://www.booking.com/hotel/in/kk-royal.html,10021639,111
249397,Umaid Mahal - A Heritage Style Boutique Hotel,Jaipur,C-20 B-2 Behari marg off Jaisingh Highway Bani Park,4,https://www.booking.com/hotel/in/umaid-mahal-jaipur.html,10839500,26
249628,The Hans,New Delhi,15 Barakhamba Road Connaught Place,4,https://www.booking.com/hotel/in/the-hans-new-delhi.html,8887169,70
249943,"Marriott Executive Apartment - Lakeside Chalet, Mumbai",Mumbai,"# 2 & 3B, Near Chinmayanand Ashram, Powai",5,https://www.booking.com/hotel/in/marriott-executive-apartments.html,11094108,13
249948,Ratnawali – A Vegetarian Heritage Hotel,Jaipur,"New Colony, Near Panch Batti, M.I.Road,",3,https://www.booking.com/hotel/in/ratnawali.html,9950841,27
249951,The Leela Mumbai,Mumbai,Sahar Road,5,https://www.booking.com/hotel/in/the-leela-mumbai.html,11191650,3940
250170,JW Marriott Mumbai Juhu,Mumbai,Juhu Tara Road,5,https://www.booking.com/hotel/in/j-w-marriott-mumbai-india.html,11185723,355
250176,The Leela Palace New Delhi,New Delhi,"Diplomatic Enclave, Chanakyapuri",5,https://www.booking.com/hotel/in/the-leela-palace-new-delhi.html,11189442,254
250428,Courtyard by Marriott Gurugram Downtown,Gurgaon,"Plot No- 27 B, Sector Road, B Block, Sushant Lok-1, Sector 27",5,https://www.booking.com/hotel/in/courtyard-by-marriott-gurgaon.html,10442022,266
250432,The Leela Ambience Gurugram Hotel & Residences,Gurgaon,National Highway 8,5,https://www.booking.com/hotel/in/the-leela-gurgaon-delhi-n-c-r.html,11139856,429
250654,The Golkonda Hotel,Hyderabad,"Banjara Hills, Masab Tank",4,https://www.booking.com/hotel/in/the-golkonda-hyderabad.html,10064885,139
250831,Monarch Luxur - Infantry Road,Bangalore,# 67 Infantry Road,4,https://www.booking.com/hotel/in/monarch-luxur.html,8532137,76
251161,Vesta Maurya Palace,Jaipur,"S-35A, Arvind Marg, Near M.I. Road",4,https://www.booking.com/hotel/in/vesta-maurya-palace.html,8749951,52
251353,The LaLiT Golf & Spa Resort Goa,Canacona,Rajbaga,5,https://www.booking.com/hotel/in/intercontinental-the-lalit-goa-resort.html,9899645,182
251356,Four Points by Sheraton Bengaluru Whitefield,Bangalore,#43/3 Whitefield Main Road,4,https://www.booking.com/hotel/in/four-points-bengaluru-whitefield.html,10147995,105
251363,Park Inn Gurgaon,Gurgaon,Civil Lines,4,https://www.booking.com/hotel/in/park-inn-gurgaon.html,8262544,55
251425,"Radha Regent, Chennai",Chennai,"171 Jawahar Lal Nehru Salai, Inner Ring Road, Arumbakkam",3,https://www.booking.com/hotel/in/radha-regent-chennai-chennai.html,8994860,53
251654,The St Regis Goa Resort,Cavelossim,Mobor,5,https://www.booking.com/hotel/in/the-st-regis-goa-resort.html,11126085,205
251656,Aditya Park-A Sarovar Portico Hotel,Hyderabad,"Aditya Trade Centre, Ameerpet",4,https://www.booking.com/hotel/in/aditya-park-hyderabad-hyderabad.html,10810379,88
251658,"Lemon Tree Premier 2, Gurugram",Gurgaon,Sector 29,4,https://www.booking.com/hotel/in/lemon-tree-premier-leisure-valley-two.html,7063387,26
251707,"Royal Orchid Central Grazia, Navi Mumbai",Navi Mumbai,"L-3, Plot No 67, Sector No 19, Palm Beach Road, Vashi, Navi Mumbai",4,https://www.booking.com/hotel/in/royal-orchid-central-grazia-navi-mumbai.html,9750791,67
252104,Sun-n-Sand Mumbai Juhu Beach,Mumbai,39 Juhu Beach,5,https://www.booking.com/hotel/in/sun-n-sand-mumbai.html,11134113,126
252110,Le Meridien Nagpur,Nagpur,"Wardha Road, Opp Mihan Flyover",5,https://www.booking.com/hotel/in/le-meridien-nagpur.html,10108994,111
252219,The Leela Palace Bengaluru,Bangalore,23 Old Airport Road,5,https://www.booking.com/hotel/in/the-leela-palace-bangalore.html,11133541,308
253136,Pride Hotel Pune,Pune,"05, University Road, Shivajinagar",5,https://www.booking.com/hotel/in/best-western-the-pride-pune.html,8470768,117
253139,Pride Amber Vilas Resort & Convention Centre,Jaipur,"12 Mile, Vatika Mod, Tonk Road",4,https://www.booking.com/hotel/in/the-pride-amber-vilas-resort-spa.html,6498381,45
253140,"The Pride Hotel, Bangalore",Bangalore,"93, Richmond Road",4,https://www.booking.com/hotel/in/the-pride-bangalore.html,10077232,131
253145,Savoy Suites Noida,Noida,"A-79A, Sec-16",4,https://www.booking.com/hotel/in/savoy-suites.html,10594592,44
253187,"Pride Plaza Hotel, Ahmedabad",Ahmedabad,"Judges Bungalow Road, Off S.G. Road",5,https://www.booking.com/hotel/in/the-pride-ahmedabad.html,8506813,183
253650,"The Pride Hotel, Chennai",Chennai,"216, E V R Periyar Salai, Poonamallee High Road, Kilpauk",4,https://www.booking.com/hotel/in/the-pride-chennai-chennai.html,7908695,115
254104,Goa Marriott Resort & Spa,Panaji,"Miramar Beach, PO Box No.64",5,https://www.booking.com/hotel/in/goa-marriott-resort.html,11111494,190
254116,Hotel Krishna - By RCG Hotels,New Delhi,"45, Arakashan Road, PaharGanj",3,https://www.booking.com/hotel/in/krishna.html,10705690,35
254126,Courtyard by Marriott Hyderabad,Hyderabad,"Opp - Hussain Sagar Lake, Tank Bund Road,",5,https://www.booking.com/hotel/in/courtyard-marriott.html,10911475,158
254290,Radisson Blu Plaza Delhi Airport,New Delhi,National Highway #8 Opp International Airport Near Mahipalpur Extension,5,https://www.booking.com/hotel/in/radisson-new-delhi.html,11180737,290
254674,Hotel Baba Deluxe -By RCG Hotels,New Delhi,"7795, Arakashan Road, PaharGanj",3,https://www.booking.com/hotel/in/baba-deluxe.html,9848638,49
255297,"Hotel Kohinoor Continental,Airport",Mumbai,"Andheri-Kurla road, Andheri East ",4,https://www.booking.com/hotel/in/kohinoor-continental.html,10108998,77
255412,The Park Navi Mumbai,Navi Mumbai,"No 1, Sector 10,CBD Belapur",4,https://www.booking.com/hotel/in/the-park-navi-mumbai-navi-mumbai.html,9807361,100
256074,The Park New Delhi,New Delhi,"15 Parliament Street, Near Connaught Place",5,https://www.booking.com/hotel/in/the-park-new-delhi.html,11122882,230
256108,The Park Chennai,Chennai,"601, Near US Embassy, Anna Salai, Nungambakkam",5,https://www.booking.com/hotel/in/the-park-chennai.html,10732439,153
256125,The Park Bangalore,Bangalore,"14/7, Mahatma Gandhi Road",5,https://www.booking.com/hotel/in/the-park-bangalore.html,10235775,115
256135,Suryaa Villa Jaipur- A City Centre Heritage Haveli,Jaipur,"C-2, Peelwa Garden, Moti Doongri Road,",4,https://www.booking.com/hotel/in/suryaa-villa.html,10428382,27
256139,"The Park Hyderabad, Banjara Hills near Hussain Sagar Lake",Hyderabad,"22 Raj Bhavan Road,Somajiguda",5,https://www.booking.com/hotel/in/the-park-hyderabad.html,10449887,133
256271,The Park Kolkata,Kolkata,17 Park Street,5,https://www.booking.com/hotel/in/the-park-kolkata.html,10077239,146
256284,The Park Visakhapatnam,Visakhapatnam,Beach Road,5,https://www.booking.com/hotel/in/the-park-visakhapatnam.html,7733721,66
256694,"La Marvella, Bengaluru",Bangalore,"1, 14th Cross, South-end Circle, 2nd Block, Jayanagar",5,https://www.booking.com/hotel/in/la-marvella.html,11037761,101
256736,Hotel Suncity Residency,Mumbai,"16th Road, MIDC, Andheri(East)",3,https://www.booking.com/hotel/in/suncity-residency-pvt-ltd.html,9779567,2
257024,"Yogi Executive, Navi Mumbai",Navi Mumbai,"Plot No.31A,Sector 24,Opp.Mafco Market,Vashi",4,https://www.booking.com/hotel/in/yogi-executive.html,9495831,70
257218,Hotel Airport Residency,New Delhi,"Dwaraka Link Road, Nh-8 Samalkha",3,https://www.booking.com/hotel/in/airport-residency-and-resort-new-delhi.html,9017855,32
257529,Iris Hotel & Spa,Bangalore,70 Brigade Road,4,https://www.booking.com/hotel/in/iris-the-business.html,9545693,52
258716,"Fortune Select JP Cosmos, Bengaluru - Member ITC's hotel group",Bangalore,"No. 49, Cunningham Cresent Road, Behind Sigma Mall",5,https://www.booking.com/hotel/in/fortune-select-jp-cosmos.html,10517342,134
259230,Hotel Metro Palace,Mumbai,"355, Ram Das Nayak Road, Bandra West",3,https://www.booking.com/hotel/in/metro-palace-mumbai.html,10351542,34
259241,Hotel Shelter,Chennai,"No 19,20&21 Venkatesa Agraharam Street,Mylapore ( Opp Saibaba Temple)",3,https://www.booking.com/hotel/in/shelter-chennai.html,8888722,61
259309,FabHotel Corporate Park,New Delhi,"B-5, Greater Kailash Enclave -1",3,https://www.booking.com/hotel/in/corporate-park.html,10574058,26
259420,Staybook - Shivdev New Delhi Railway Station,New Delhi,"8522, Arakashan Road Behind Sheila Cinema, Paharganj, Delhi",3,https://www.booking.com/hotel/in/shivdev-international-by-staybook-new-delhi.html,9016446,54
259595,Treebo Trend Rockwell Plaza Karol Bagh,New Delhi,"14, WEA, Ajmal Khan Road",3,https://www.booking.com/hotel/in/rockwell-plaza.html,10783266,20
259596,Hotel The Raj Near New Delhi Train Station,New Delhi,"8495, Arakashan Road, Paharganj",3,https://www.booking.com/hotel/in/the-raj-new-delhi.html,9581772,31
259795,Krishna Palace Hotel,Mumbai,"96/98. Sleater Road, Nana Chowk, Mumbai - 400007",4,https://www.booking.com/hotel/in/krishna-palace-residency.html,10656862,31
259803,"Hotel Park View, Mumbai",Mumbai,"37,Lallubhai Park Road,Andheri -West",3,https://www.booking.com/hotel/in/park-view.html,9139131,40
259939,Royal Heritage Haveli,Jaipur,Khatipura,5,https://www.booking.com/hotel/in/royal-heritage-haveli.html,10429628,19
260124,Trimrooms Palm D'or,New Delhi,"8595/1 Near ( New delhi Train station and Metro Station)D.B Gupta Road, Pahar Gunj, New Delhi",3,https://www.booking.com/hotel/in/maple-inn.html,8776629,35
260136,Astoria Hotel,Mumbai,"J. Tata Road, Churchgate",3,https://www.booking.com/hotel/in/astoria-mumbai.html,10704820,50
260349,Hotel Milan International,Mumbai,"1st Road, Near Milan Sub-Way, Santacruz West",3,https://www.booking.com/hotel/in/milan-international-mumbai.html,10814050,52
260821,"Ascot Hotel, Colaba",Mumbai,"38, Garden Road, Colaba",3,https://www.booking.com/hotel/in/ascot.html,11185784,20
261016,Hotel H R Palace,Jaipur,"D157/A Kabir Marg, Bani Park.",3,https://www.booking.com/hotel/in/h-r-palace.html,10301820,32
261033,Regent Hotel Colaba,Mumbai,"8, BEST Road, Colaba",3,https://www.booking.com/hotel/in/regent-colaba.html,11117715,46
261205,"Four Points by Sheraton Jaipur, City Square",Jaipur,"City Square, Vasundhara Colony, Tonk Road",4,https://www.booking.com/hotel/in/four-points-by-sheraton.html,8701916,135
261223,"Regent Hotel Andheri, Airport",Mumbai,"Ramkrishna Mandir Road, Kondivita, Andheri (East)",3,https://www.booking.com/hotel/in/regent-andheri.html,8136771,44
261269,The Oriental Residency,Mumbai,P D Hinduja Marg,3,https://www.booking.com/hotel/in/the-oriental-residency.html,11009754,22
261460,Hyatt Centric Janakpuri New Delhi,New Delhi,"District Centre Complex, Janakpuri",5,https://www.booking.com/hotel/in/hilton-new-delhi-janakpuri.html,9406562,218
261594,The Accord Metropolitan,Chennai,"35 G.N Chetty Road, Thiyagara Nagar, Tamil Nadu",5,https://www.booking.com/hotel/in/the-accord-metropolitan-chennai.html,11086531,163
261607,The Orchid Hotel Mumbai Vile Parle,Mumbai,"Nehru Road, Vile Parle (East), Adjacent To Domestic Airport",5,https://www.booking.com/hotel/in/the-orchid-mumbai.html,11178340,369
261619,"Hotel The Class, Delhi Airport",New Delhi,"A-282, National Highway No.8, Near International Airport",3,https://www.booking.com/hotel/in/the-class-new-delhi.html,7412998,22
261858,"Howard Plaza The Fern, Agra",Agra,Fatehabad Road,4,https://www.booking.com/hotel/in/howard-park-plaza.html,9952521,140
262001,Sarovar Portico Rivera Ahmedabad,Ahmedabad," Bhavan's College Road, Sabarmati Riverfront",4,https://www.booking.com/hotel/in/sarovar-portico-ahmedabad.html,8260849,160
262092,Sea Palace Hotel - near Gateway of India,Mumbai,"26, P. J. Ramchandani Marg",3,https://www.booking.com/hotel/in/sea-palace.html,8387068,48
262291,"Fortune Inn Haveli, Gandhinagar - Member ITC's Hotel Group",Gandhinagar,"#235, Sector 11",4,https://www.booking.com/hotel/in/fortune-inn-haveli.html,7254504,84
262295,Radisson Gurugram Sohna Road City Center,Gurgaon,"Main Sohna Road, Sector 49, Gurgaon, Haryana",5,https://www.booking.com/hotel/in/fortune-select-excalibur.html,10646896,140
262298,5 BY OYO Metropolitan,Jaipur,"22 Godam Circle, MGF Metropolitan, Durgadas Colony, C Scheme, Ashok Nagar, Jaipur, Rajasthan",5,https://www.booking.com/hotel/in/fortune-select-metropolitan.html,8197801,120
262301,The Bristol,Gurgaon,"DLF Phase-I, near Sikanderpur Metro Station,M.G.Road,",5,https://www.booking.com/hotel/in/the-bristol.html,10753415,81
262501,The Chancery Pavilion,Bangalore,"135, Residency Road,",5,https://www.booking.com/hotel/in/the-chancenry-pavilion.html,10159751,209
262721,"O Hotel Goa, Candolim Beach",Candolim,"114/1 Dando, Near Kingfisher Villa, Bardez",5,https://www.booking.com/hotel/in/the-o-resort-spa.html,9850368,75
262905,Shervani Nehru Place,New Delhi,"B-20, Chirag Enclave",4,https://www.booking.com/hotel/in/shervani-nehru-place.html,10604595,33
263301,The Manohar Hyderabad,Hyderabad,Old Airport Exit Road,4,https://www.booking.com/hotel/in/fortune-select-manohar-hyderabad.html,9807367,128
263339,Fortune Sector 27 Noida - Member ITC's Hotel Group,Noida,"Plot 1A, Block I, Sector–27",4,https://www.booking.com/hotel/in/fortune-inn-grazia.html,9735879,42
263489,Aloft Bengaluru Whitefield,Bangalore,"17c, Sadaramangala Road, Opposite to ITPL, Off Whitefield Main Road",4,https://www.booking.com/hotel/in/aloft-bengaluru-whitefield.html,8930650,162
263490,"Fortune Park Panchwati, Kolkata - Member ITC's Hotel Group",Kolkata,"Kona Expressway, Howrah",4,https://www.booking.com/hotel/in/fortune-park-panchwati.html,9122941,150
263718,Caravela Beach Resort,Varca,"Varca Beach, Salcete, Goa",5,https://www.booking.com/hotel/in/ramada-caravela-beach-resort.html,10475735,195
264172,Hotel Aster Inn Karol Bagh New Delhi,New Delhi,"1078-80, Hardhyan Singh Road, Naiwalan,Karol Bagh",3,https://www.booking.com/hotel/in/aster-inn.html,8800503,16
264197,"Fortune Park Lakecity, Thane - Member ITC's Hotel Group",Thane,"Jupiter Medi Park, Eastern Express Highway, Thane West",4,https://www.booking.com/hotel/in/fortune-park-lakecity.html,9102085,22
264222,Chariot Beach Resort,Mahabalipuram,"Five Rathas Road, Behind Five Rathas Monument, Mahabalipuram, Chennai Tamil Nadu",4,https://www.booking.com/hotel/in/chariot-beach-resort.html,7908718,70
264249,"The Ambassador, Marine Drive, Mumbai",Mumbai,"V.N.Road, Off Marine Drive, Churchgate",4,https://www.booking.com/hotel/in/the-ambassador.html,10749946,79
264448,Park Plaza Chennai OMR,Chennai,142 Rajiv Gandhi Salai Old Mahabalipuram Road Thoraipakkam,5,https://www.booking.com/hotel/in/park-plaza-chennai-omr.html,8230376,70
264452,"Fortune Select Trinity, Bengaluru - Member ITC's Hotel Group",Bangalore,"134-136, Road Number 1, EPIP Zone, Whitefield",4,https://www.booking.com/hotel/in/fortune-select-trinity-bangalore.html,8631334,152
264516,"Fortune Select Exotica, Navi Mumbai - Member ITC's Hotel Group",Navi Mumbai,"Plot No 16, Sector 19-D, Vashi",4,https://www.booking.com/hotel/in/fortune-select-exotica.html,7413004,85
264709,Ambassador Pallava,Chennai,"30, Montieth Road, Egmore",4,https://www.booking.com/hotel/in/ambassador-pallava.html,9962959,99
264971,"Royal Orchid Beach Resort & Spa, Utorda Beach Goa",Utorda,Utorda Beach,5,https://www.booking.com/hotel/in/royal-orchid-beach-resort-galaxy.html,10394656,71
265227,Hotel Royal Orchid Bangalore,Bangalore,"1, Golf Avenue, Adjoining KGA Golf Course, Old Airport Road, ",5,https://www.booking.com/hotel/in/royal-orchid-bangalore.html,9791708,192
265458,Lemon Tree Premier Hitec City Hyderabad,Hyderabad,"Plot No.2, Survey No.64, Hitec City, Madhapur",5,https://www.booking.com/hotel/in/lemon-tree-hitec-city-hyderabad.html,10846041,48
265461,"Royal Orchid Central, Bangalore",Bangalore,"47/1, Dickenson Road, Manipal Centre",4,https://www.booking.com/hotel/in/royal-orchid-central.html,9737649,170
265462,"Regenta Place Bangalore, Cunningham Road",Bangalore,"11 Park Road, Near Indian Express Circle",4,https://www.booking.com/hotel/in/ramada-bangalore-bangalore.html,10045818,83
265465,Four Points by Sheraton Ahmedabad,Ahmedabad,"Opp. Gujarat College, Ellisbridge",4,https://www.booking.com/hotel/in/four-points-by-sheraton-ahmedabad.html,9334208,104
265467,Royal Orchid Metropole Mysore,Mysore,"5, Jhansi Lakshmi Bai Road",4,https://www.booking.com/hotel/in/royal-orchid-metropole-mysore.html,9949274,37
265468,Royal Orchid Brindavan Garden Mysore,Belagula,Krishna Raja Sagar,4,https://www.booking.com/hotel/in/royal-orchid-brindavan.html,9334209,24
265469,"Resort Rio, Goa",Arpora,Tambudki,5,https://www.booking.com/hotel/in/resort-rio.html,8004754,218
265470,"Royal Orchid Central, Pune",Pune,Marisoft Annexe,4,https://www.booking.com/hotel/in/royal-orchid-central-pune-pune.html,9902809,111
265473,Royal Orchid Central Kireeti-HAMPI Hospet,Hampi,Railway Station Rd Hampi,4,https://www.booking.com/hotel/in/royal-orchid-central-kireeti.html,9613985,113
265474,Hotel Sahara Star-Mumbai Airport,Mumbai,"Opposite Domestic Airport, Vileparle",5,https://www.booking.com/hotel/in/sahara-star.html,11138604,372
265475,The Golden Crown Hotel & Spa,Colva,"4th Ward, Beach Road, Colva Beach",0,https://www.booking.com/hotel/in/pearls-oceanique-resort.html,7780506,50
265479,Sandalwood Hotel & Suites,Panaji,"Vainguinim Beach, Dona Paula",3,https://www.booking.com/hotel/in/sandalwood-retreat.html,10483352,5
265489,Pride Sun Village Resort & Spa,Baga,"Saquwadi, Baga Arpora",4,https://www.booking.com/hotel/in/sun-village.html,7919599,135
265514,Aldeia Santa Rita - Candolim,Candolim,"Next to Kingfisher Villa, Dando",3,https://www.booking.com/hotel/in/aldeia-santa-rita.html,9193273,52
265528,Era Santiago Beach Resort,Baga,"Khobra Waddo, Calangute",3,https://www.booking.com/hotel/in/santiago.html,10403110,70
265749,The Horizon,Calangute,Porbawaddo,3,https://www.booking.com/hotel/in/horizon.html,7877371,48
265756,"Lazy Lagoon, Baga A Lemon Tree Resort, Goa",Baga,"Arpora, Bardez",4,https://www.booking.com/hotel/in/lazy-lagoon-goa.html,7256286,46
266036,Hotel Smart Plaza Delhi Airport,New Delhi,"A Block, Near Indira Gandhi International Airport, National Highway -8, Mahipalpur",4,https://www.booking.com/hotel/in/venus-international.html,9793387,35
266262,"Lemon Tree Amarante Beach Resort, Goa",Candolim,"Vadi, Candolim, Bardez",5,https://www.booking.com/hotel/in/lemon-tree-amarante-beach-resort-goa.html,9372686,48
266426,Bloom Hotel - Juhu,Mumbai,"Juhu Tara Road, ",4,https://www.booking.com/hotel/in/royal-garden.html,11104293,30
266454,Hotel Suba International,Mumbai,"Plot No 211 Chakala Sahar Road, Andheri East",4,https://www.booking.com/hotel/in/suba-international.html,10530320,73
266460,Gokulam Park Sabari-Siruseri SIPCOT,Chennai,"No. 33, IT Expressway OMR, Near Siruseri SIPCOT IT Park, Navalur",3,https://www.booking.com/hotel/in/quality-sabari-classic.html,10179078,35
266469,The Paradise By Tunga,Mumbai,"P 16, MIDC Central Road, Andheri East",3,https://www.booking.com/hotel/in/the-paradise-by-tunga.html,10518514,36
266677,The Mirador Andheri East,Mumbai,"131 / B, New Link Road, Chakala, Andheri East, Maharashtra",4,https://www.booking.com/hotel/in/the-mirador.html,10333514,88
266681,"Hotel Diplomat, Colaba",Mumbai,"24-26, B.K. Boman Behram Marg, Apollo Bunder",3,https://www.booking.com/hotel/in/diplomat.html,10633275,48
266682,Hilton Garden Inn New Delhi/Saket,New Delhi,"A4, DLF Avenue Saket District Centre",3,https://www.booking.com/hotel/in/hilton-garden-inn-new-delhi-saket.html,11144783,133
266689,JW Marriott Pune,Pune,"Senapati Bapat Road, Maharashtra",5,https://www.booking.com/hotel/in/jw-marriott-pune.html,11068627,314
268020,Heritage Village Resort & Spa Goa,Cansaulim,Arossim Beach,5,https://www.booking.com/hotel/in/heritage-village-club.html,11059553,96
268396,Hotel Taj Resorts,Agra,"538, Near Shilp Gram, Taj Mahal E Gate, Eastern Gate of Taj Mahal",4,https://www.booking.com/hotel/in/taj-resorts.html,9259850,34
268668,SkyCity Hotel Gurgaon,Gurgaon,"1 Old Judicial Complex, Sector 15",3,https://www.booking.com/hotel/in/best-western-skycity.html,9899662,50
269741,Rodas An Ecotel Hotel,Mumbai,"Central Avenue, Hiranandani Gardens, Powai , Andheri East",3,https://www.booking.com/hotel/in/rodas-an-ecotel.html,11164795,36
269759,"Hotel Waves, Delhi Airport",New Delhi,"A-273, Near Indira Gandhi International Airport, Mahipalpur, NH-8 ",3,https://www.booking.com/hotel/in/waves.html,8063663,60
270536,The Solace,New Delhi,"E-2, East Of Kailash",2,https://www.booking.com/hotel/in/the-solace.html,8138439,15
270540,Radisson Blu Marina Hotel Connaught Place,New Delhi,"G-59, Connaught Place",5,https://www.booking.com/hotel/in/radisson-marina-connaught-place.html,11147117,121
270544,The Suryaa New Delhi,New Delhi,New Friends Colony,5,https://www.booking.com/hotel/in/the-suryaa-new-delhi.html,11050077,55
270562,The Claridges New Delhi,New Delhi,"12 Dr APJ Abdul Kalam Road, New Delhi - 110011 ",5,https://www.booking.com/hotel/in/the-claridges.html,11191273,139
271108,Holiday Inn Agra MG Road an IHG Hotel,Agra,"16/2/8, Sanjay Place Commercial Complex",5,https://www.booking.com/hotel/in/marina-agra.html,10574063,131
271354,Beleza By The Beach,Colva,"Colva Beach, Thondvaddo",4,https://www.booking.com/hotel/in/beleza-by-the-beach.html,11041416,56
271384,Hotel The Royal Plaza,New Delhi,"19 Ashoka Road, Connaught Place",4,https://www.booking.com/hotel/in/ramada-plaza-new-delhi.html,11078401,422
271569,Alila Diwa Goa - A Hyatt Brand,Majorda,Adao Waddo,5,https://www.booking.com/hotel/in/alila-diwa-goa.html,9763344,117
271797,Om Niwas Suite Hotel,Jaipur,"E-23, Kaushalya Path, Near Durga Apartments, Durga Marg, Bani Park",3,https://www.booking.com/hotel/in/om-niwas.html,9512861,21
271832,Devasthali - The Valley of Gods,Bogmalo,"Village Issorcim, Hollant Beach",3,https://www.booking.com/hotel/in/devasthali-the-valley-of-gods.html,8844513,31
271837,The Regenza By Tunga,Navi Mumbai,"Plot No. 37, Sector 30-A, Vashi",3,https://www.booking.com/hotel/in/the-regenza-by-tunga.html,10483359,89
271957,goSTOPS Delhi,New Delhi,"4/23-B, Asaf Ali Road, Daryaganj",3,https://www.booking.com/hotel/in/stops-hotel-delhi.html,10131144,13
271961,Novotel Goa Dona Sylvia Resort,Cavelossim,Cavelossim Beach,5,https://www.booking.com/hotel/in/dona-sylvia-beach-resort.html,9332418,198
271963,Mercure Goa Devaaya Resort,Old Goa,"Mercure Goa Devaaya Resort,  Divar Island, Panjim, Goa",4,https://www.booking.com/hotel/in/deevaya-ayurved-and-nature-cure-centre.html,8481384,56
272203,Ramada by Wyndham Jaipur Jaisinghpura,Jaipur,"Jaisinghpura, Ajmer Road",4,https://www.booking.com/hotel/in/jaipur-greens.html,9530296,125
272465,FabHotel Cameron,New Delhi,"92, Pocket-1, Jasola",3,https://www.booking.com/hotel/in/the-cameron.html,9914031,23
273390,Hotel Midland,Mumbai,"Jawaharlal Nehru Road, Santacruz (E)",2,https://www.booking.com/hotel/in/midland-mumbai.html,9201099,26
273406,Casa De Goa - Boutique Resort,Calangute,"Tivai Vaddo, Near Calangute Football Ground",4,https://www.booking.com/hotel/in/casa-de-goa.html,10215025,47
273632,Goldfinch Hotel Bangalore,Bangalore,"32/3, Crescent Road, High Grounds, Off Race Course Road",4,https://www.booking.com/hotel/in/goldfinch-bangalore.html,9334217,50
273647,Nahargarh Haveli,Jaipur,"B-4 Gopal Bari, Behind Corporate Park, Ajmer Road",3,https://www.booking.com/hotel/in/nahargarh-haveli.html,9791719,31
273648,Resorte Marinha Dourada,Arpora,Baga Bridge Road,3,https://www.booking.com/hotel/in/resort-marinha-dourada.html,8346337,206
273660,Presa di Goa - Smith and Appy Managed,Calangute,"353/1 Arais Wado, Nagoa, Saligao",4,https://www.booking.com/hotel/in/presa-di-goa.html,7237197,10
273675,"The Connaught, New Delhi- IHCL SeleQtions",New Delhi,"37, Shaheed Bhagat Singh Marg, Connaught Place",4,https://www.booking.com/hotel/in/the-connaught.html,8584363,110
273883,The Crown Goa,Panaji,"Bairo Alto Dos Pilotos, Jose Falcao Road",5,https://www.booking.com/hotel/in/the-crown-goa.html,10795546,49
273897,ibis Mumbai Airport - An Accor Brand,Mumbai,"Nehru Road, Ville parle (E), Western Expressway, Near Domestic Airport",3,https://www.booking.com/hotel/in/ibis-mumbai.html,11035308,140
273933,The Quilon Beach Hotel and Convention Center,Kollam,"Beach Road, Near Kollam beach",5,https://www.booking.com/hotel/in/the-beach-orchid-convetion-center.html,10386317,98
274131,"Fortune Inn Sree Kanya, Visakhapatnam - Member ITC's Hotel Group",Visakhapatnam,"Dwarakanagar, Near Diamond Park",4,https://www.booking.com/hotel/in/fortune-inn-sree-kanya.html,9511160,68
274155,"The Shalimar Hotel, Kemps Corner",Mumbai,"August Kranti Marg, Kemps Corner, Grant Road",4,https://www.booking.com/hotel/in/the-shalimar-mumbai.html,11002422,75
274305,Cochrane Place Hotel,Kurseong,"132 Pankhabari Road, Fatak",3,https://www.booking.com/hotel/in/cochrane-place.html,10243306,31
274322,juSTa MG Road,Bangalore,"No. 21/14, Craig Park Layout, MG Road, Behind Oriental Bank of Commerce",3,https://www.booking.com/hotel/in/justa-the-residence-mg-road.html,9098511,4
274323,juSTa Off MG Road,Bangalore,"30/1, 2nd Cross, Ulsoor Road",4,https://www.booking.com/hotel/in/justa-the-residnce-off-mg-road.html,9016041,10
274488,The Orion - Greater Kailash,New Delhi,"R-53, Greater Kailash 1",4,https://www.booking.com/hotel/in/justa-the-residence-new-delhi.html,10782483,13
274506,​juSTa Gurgaon,Gurgaon,"NR 40, DLF Phase III, MG Road, Near DLF Corporate Park",4,https://www.booking.com/hotel/in/justa-the-residence-gurgaon.html,9707493,22
274515,juSTa Indiranagar,Bangalore,"No. 796, 1st Cross, 12th Main, HAL 2nd Stage",3,https://www.booking.com/hotel/in/justa.html,9480453,19
274756,Acron Candolim Regina,Candolim,"376, Off Fort Aguada Road",4,https://www.booking.com/hotel/in/acron-regina.html,9352610,101
274772,Polo Floatel Kolkata,Kolkata,"9/10 Kolkata Jetty, Opp Sbi Hq(Eastern Region), Strand Road, Kolkata",4,https://www.booking.com/hotel/in/floatel-an-eco-friendly.html,6554663,76
274997,Grand Residency Hotel & Serviced Apartments,Mumbai,"Junction of 24th & 29th Road, Off Turner Road & Waterfield Road, Bandra (W)",4,https://www.booking.com/hotel/in/grand-residency-serviced-apartments.html,11108151,35
275007,Goldfinch Hotel Mangalore,Mangalore,"Bunts Hostel Road, Near Jyoti Circle Mangalore 575003.",4,https://www.booking.com/hotel/in/goldfinch-mangalore.html,9628092,50
275014,Coraltree By Goldfinch Hotels Bangalore,Bangalore,"No 16, 166 Mla Layout, RT Nagar Main Road",3,https://www.booking.com/hotel/in/coral-tree.html,9261060,38
275035,"Fortune Pandiyan Hotel, Madurai - Member ITC's Hotel Group",Madurai,Race Course,3,https://www.booking.com/hotel/in/fortune-pandiyan.html,10365421,57
275056,"Fortune Select Global, Gurugram - Member ITC's Hotel Group",Gurgaon,"MG Road, Next to Gurudronacharya Metro Station",4,https://www.booking.com/hotel/in/fortune-select-global-gurgaon.html,9409206,107
275677,The Corus Hotel,New Delhi,"B-49, Inner Circle, Connaught Place",3,https://www.booking.com/hotel/in/corus.html,10023224,24
275683,Amber Inn by Orion Hotels,New Delhi,"198, Sukhdev Vihar, Okhla, New Delhi, Delhi 110025",4,https://www.booking.com/hotel/in/the-amber.html,10904235,19
275704,Cocoon Hotel,Pune,Magarpatta City Hadapsar,3,https://www.booking.com/hotel/in/cocoon-service.html,9704012,118
275891,Sarovar Portico Jaipur,Jaipur,"Queens Road,Prince Road,Vaishali Nagar",4,https://www.booking.com/hotel/in/sarovar-portico-jaipur.html,8800512,167
275894,Aditya Hometel,Hyderabad,"Adjacent to Satyam Theatre, Balkampet Road",3,https://www.booking.com/hotel/in/aditya-hometel.html,10169485,92
275945,"Red Fox Hotel, Hitech city, Hyderabad",Hyderabad,"Plot No.2, Survey No.64, Hitec City, Madhapur",3,https://www.booking.com/hotel/in/red-fox-hyderabad.html,10417172,88
276157,Beverly Hotel,Chennai,17 Rajarathinam Road Kilpauk,3,https://www.booking.com/hotel/in/beverly-chennai.html,9405601,41
276564,Hotel GODWIN DELUXE - New Delhi Railway Station - Paharganj,New Delhi,"8501/15, Arakashan Road, Ram Nagar, Paharganj, New Delhi",3,https://www.booking.com/hotel/in/godwin-deluxe-new-delhi.html,10619081,37
276787,Almondz Hotel,New Delhi,4/3 East Patel Nagar,3,https://www.booking.com/hotel/in/almondz.html,15907,42
276793,"Radisson Blu Hotel GRT, Chennai",Chennai,"531 GST Road, St. Thomas Mount",5,https://www.booking.com/hotel/in/radisson-grt-chennai.html,9378480,105
276807,Savera Hotel,Chennai,"No 146, Dr. Radhakrishnan Road",4,https://www.booking.com/hotel/in/savera.html,11104676,141
277073,Taurus Sarovar Portico,New Delhi,"IGI Airport Road, N.H-08, Mahipalpur Extn.",4,https://www.booking.com/hotel/in/taurus-conventions.html,10131153,81
277505,Hilton Chennai,Chennai,"124/1, J.N. Salai, Guindy",5,https://www.booking.com/hotel/in/hilton-chennai-guindy.html,10269403,204
277649,Radisson Blu Resort Temple Bay Mamallapuram,Mahabalipuram,"57 Kovalam Road, Mamallapuram",5,https://www.booking.com/hotel/in/radisson-resort-temple-bay.html,11015604,144
277782,Novotel Bengaluru Outer Ring Road,Bangalore,"Opposite RMZ Ecospace Business Park, Marthahalli, Sarjapur, Outer Ring Road",5,https://www.booking.com/hotel/in/novotel-bangalore-techpark.html,11108152,204
277947,Resort Primo Bom Terra Verde,Baga,E/4 263 Agar Vaddo,3,https://www.booking.com/hotel/in/resort-primo-bom-terra-verde.html,9161497,119
277951,Grand Godwin Near NDLS Railway Station- Paharganj,New Delhi,8502/41 Arakashan Road Ram Nagar Pahar Ganj,3,https://www.booking.com/hotel/in/grand-godwin-new-delhi.html,10749954,31
278527,The Fern - An Ecotel Hotel,Jaipur,"3, Airport Plaza, Tonk Road",4,https://www.booking.com/hotel/in/the-fern-an-ecotel.html,5603378,85
278539,Treebo Trend Maharaja Residency,Jaipur,"15, 16 Vashistha Marg, Khatipura Rode, Vaishali Nagar, Jaipur, Rajasthan 302021",3,https://www.booking.com/hotel/in/maharaja-residency.html,8481388,28
279089,Regency Hotel,Mumbai,"29K, Nehru Road, Vakola Junction, Santacruz East",3,https://www.booking.com/hotel/in/regency-mumbai.html,8558092,32
279092,"Rockland Hotel, C.R Park",New Delhi,"B-207, C R Park, Outer Ring Road",4,https://www.booking.com/hotel/in/rockland-c-r-park.html,8408226,57
279094,The Bentley Seaside Boutique Hotel,Chennai,"No 35 Kaveri Nagar (Near Bella Ciao) Waterland Drive, Thiruvanmiyur, Kottivakkam Beach. .",4,https://www.booking.com/hotel/in/citrus-east-coast-road.html,9835183,28
279375,Ramada Gurgaon Central,Gurgaon,"Site # 2, Sector 44",4,https://www.booking.com/hotel/in/ramada-gurgaon-central.html,10495688,110
279768,Treebo Trend Time Square Marine Drive,Cochin,"K t Koshy Avenue Woodland’s Junction, Off, Mahatma Gandhi Rd, near Collector’s Campus Office, Marine Drive, Kochi",3,https://www.booking.com/hotel/in/time-square-cochin-688001.html,7420932,15
279879,Ginger Ahmedabad Vastrapur,Ahmedabad,"Behind Himalaya Mall, Drive-in Road,",3,https://www.booking.com/hotel/in/ginger-ahmedabad.html,7675673,102
279880,Ginger Chennai,Chennai,"IITM Research Park, 11th Floor, Near MGR Film City,Behind Tidel Park, Tharamani",3,https://www.booking.com/hotel/in/ginger-chennai.html,6472826,90
279881,Ginger East Delhi,New Delhi,"Dda Community Center, Opposite East End Club, Vivekvihar,",3,https://www.booking.com/hotel/in/ginger-hotels-new-delhi-vivek-vihar.html,6755686,92
279884,Ginger Pune - Pimpri,Pune,"Opp Pcmc Survey 209, Pimpri Chowk, Kohinoor Trading Company Premises",3,https://www.booking.com/hotel/in/ginger-pune-pimpri.html,6554756,106
279885,Ginger Pune - Wakad,Pune,"Kala Khadak, Near Indira College, Wakad Naka, Wakad,",3,https://www.booking.com/hotel/in/ginger-pune-wakad.html,6472827,127
279892,Ginger Bangalore- Whitefield,Bangalore,"128, EPIP Phase II, Opp. KTPO and SAP Labs, Whitefield,",3,https://www.booking.com/hotel/in/ginger-bangalore.html,7731340,110
279898,"Ginger Goa, Panjim",Panaji,"Plot No.37, 38, SGO Complex, EDC, Pato, Near Passport Office",4,https://www.booking.com/hotel/in/ginger-goa.html,8633147,164
280269,"Kenilworth Hotel, Kolkata",Kolkata,"1-2, Little Russel Street",4,https://www.booking.com/hotel/in/new-kenilworth.html,11026179,100
280395,Manpho Bell Hotel & Convention Center,Bangalore,Bangalore City Railway Station Road,3,https://www.booking.com/hotel/in/the-bell-convention-centre.html,8558096,78
280698,Fragrant Nature Backwater Resort & Ayurveda Spa,Kollam,Paravur,4,https://www.booking.com/hotel/in/fragrant-nature-retreat-resorts-pvt-ltd.html,9579951,30
280727,Lytton Hotel,Kolkata,"14 -14/1,Sudder Street",3,https://www.booking.com/hotel/in/lytton-kolkata.html,10604609,52
280739,"Keys Select by Lemon Tree Hotels, Thiruvananthapuram",Trivandrum,"Opposite Fire Brigade, Housing Board Junction",4,https://www.booking.com/hotel/in/keys-hotels-thiruvananthapuram-trivandrum.html,7999810,50
280756,"Keys Select by Lemon Tree Hotels, Katti-Ma, Chennai",Chennai,"11/23, Kalakshetra Road, Thiruvanmiyur,",3,https://www.booking.com/hotel/in/keys-hotels-chennai.html,6962423,50
280769,"Keys Select by Lemon Tree Hotels, Hosur Road, Bengaluru",Bangalore,"Singasandra, Hosur Road, Near Electronic City",4,https://www.booking.com/hotel/in/keys.html,7731346,87
280784,FabHotel Cabana,New Delhi,R23 Greater Kailash 1,3,https://www.booking.com/hotel/in/cabana.html,11004831,27
280791,Grand Mercure Vadodara Surya Palace,Vadodara,"Sayajigunj, Opp. Parsi Agiary",5,https://www.booking.com/hotel/in/surya-palace.html,9296961,111
280944,The Sonnet Kolkata,Kolkata,"Block DD, Plot No 8, Sector 1, Kolkata - 700064,  India",4,https://www.booking.com/hotel/in/the-sonnet.html,10482109,64
280955,"Keys Select by Lemon Tree Hotels, Ludhiana",Ludhiana,"Shahid Bhagat Singh Nagar Road,",3,https://www.booking.com/hotel/in/keys-ludhiana.html,8655060,95
280957,The Leela Palace Udaipur,Udaipur,"Lake Pichola, P. O. Box No. 125",5,https://www.booking.com/hotel/in/the-leela-palace.html,11107082,80
280997,Southern Plaza,Kolkata,"73 ,DR.MEGNAD SAHA SARANI(SOUTHERN AVENUE), NEAR SOUTHERN AVENUE SWIMMING CLUB",3,https://www.booking.com/hotel/in/southern-plaza.html,10261013,27
281392,"The Leela Kovalam, a Raviz Hotel",Kovalam,Kovalam Beach,5,https://www.booking.com/hotel/in/the-leela-kovalam-beach.html,11031453,188
281403,Hotel Parkway Deluxe,New Delhi,"8591,Qutab Road,Near New Delhi Railway Station",3,https://www.booking.com/hotel/in/parkway-deluxe-new-delhi.html,10334752,30
281404,Hotel Grand Park Inn,New Delhi,"1041/17, Arya Samaj Road, Karol Bagh",3,https://www.booking.com/hotel/in/grand-park-inn-110005.html,9100261,18
281440,Shahpura House,Jaipur,D 257 Devi Marg Bani Park,4,https://www.booking.com/hotel/in/shahpura-house.html,7799901,65
282432,Mayfair Heritage,Puri,Chakratirtha Road,5,https://www.booking.com/hotel/in/mayfair-puri.html,10119269,34
282458,"The Raintree, Anna Salai",Chennai,"636, Anna Salai, Teynampet",5,https://www.booking.com/hotel/in/the-raintree-hotels-annasalai.html,10929727,226
282463,Mayfair Lagoon,Bhubaneshwar,"8-B, Jaydev Vihar",5,https://www.booking.com/hotel/in/mayfair-lagoon.html,9862295,94
282471,Hotel Arma Court,Mumbai,"Building No.2,1st Floor,A.K.Marg,Near Bandra Court,Bandra East ,",0,https://www.booking.com/hotel/in/arma-court.html,10180607,22
282491,Mayfair Darjeeling,Darjeeling,The Mall Opposite Governor House,5,https://www.booking.com/hotel/in/mayfair-darjeeling.html,10285275,69
282681,Hotel Arma Residency,Mumbai,"Next To Gundecha Onclave, Kherani Road, Sakinaka, Mumbai, Maharashtra 400072",2,https://www.booking.com/hotel/in/arma-residency.html,8625105,27
282686,Nalapad's Hotel Bangalore International - Managed by Olive,Bangalore,"2A-2B, Crescent Road, High Grounds",3,https://www.booking.com/hotel/in/nalapad-s-bangalore-international.html,8680409,81
282697,"The Raintree, St. Mary’s Road",Chennai,120 St. Mary's Road Alwarpet,5,https://www.booking.com/hotel/in/raintree-st-mary-s.html,10864763,109
283031,Quality Inn Sabari,Chennai,"No.29, Thirumalaipillai Road",4,https://www.booking.com/hotel/in/quality-inn-sabari.html,10599635,71
283287,Svelte Hotel and Personal Suites,New Delhi,"A- 3, District Centre, Saket, Select City Walk Mall",4,https://www.booking.com/hotel/in/svelte-and-personal-suite.html,11186455,108
283542,Lemon Tree Hotel Hinjewadi Pune,Pune,"P4, Rajiv Gandhi Infotech Park, Phase I, Hinjawadi",4,https://www.booking.com/hotel/in/lemon-tree-hinjawadi-pune-pune.html,8455465,68
283545,Le Sutra Hotel,Mumbai,"14 Union Park, Khar (W),",4,https://www.booking.com/hotel/in/le-sutra.html,10749127,16
283624,Hilton Mumbai International Airport Hotel,Mumbai,Sahar Airport Road Andheri East,5,https://www.booking.com/hotel/in/hilton-mumbai-international-airport.html,11096298,171
284858,Neelams The Grand Hotel,Calangute,"Post Office Road, Naika Vaddo",4,https://www.booking.com/hotel/in/neelams-the-grand.html,7919680,138
284861,Hotel Abad Plaza,Cochin,M.G. Road,4,https://www.booking.com/hotel/in/abad-plaza.html,10401858,80
285188,Alor Grande Holiday Resort,Candolim,"Behind Delfion's High Mart, Opp Candolim Health Centre, Aguada - Siolim Rd",3,https://www.booking.com/hotel/in/alor-grande-holiday-resort.html,6788479,120
285291,Fortel,Chennai,3 Gandhi-Irwin Road Egmore,3,https://www.booking.com/hotel/in/fortel-chennai.html,9102097,95
285459,Sun City Resort,Calangute,"Saunta Vaddo, Calangute-Baga Road",3,https://www.booking.com/hotel/in/sun-city-resort.html,6388410,86
285540,"Spazio Leisure Resort, Goa",Anjuna,"D’Mello Vaddo, Near Starco Junction",3,https://www.booking.com/hotel/in/spazio-leisure-resort.html,9674851,43
285544,Leoney Resort Goa,Vagator,Ozran Beach Road,3,https://www.booking.com/hotel/in/leoney-resort-goa.html,10098577,53
285570,"Resort De Coracao - Calangute , Goa",Calangute,"Gaura Vaddo, Main Road",4,https://www.booking.com/hotel/in/resort-de-coraco.html,8034342,69
286051,Hotel Elite Palazzo,Kāladi,"Bank Junction, NH47, Angamaly, CochinNear Cochin International Airport",3,https://www.booking.com/hotel/in/elite-palazzo.html,9315773,39
286052,Abad Atrium,Cochin,M.G Road,4,https://www.booking.com/hotel/in/abad-atrium.html,9179964,52
286054,Abad Copper Castle Resort,Munnar,Kannan Devan Hills,3,https://www.booking.com/hotel/in/abad-copper-castle.html,8771976,40
286055,Abad Green Forest Thekkady,Thekkady,"OPP .RC Church, Thekkady Jn.Kumaly",3,https://www.booking.com/hotel/in/abad-greenforest-thekkady.html,9612169,50
286058,Abad Whispering Palms,Kumarakom,New Nazrath Road,4,https://www.booking.com/hotel/in/abad-whispering-palms.html,10286711,53
286378,Mayfair Rourkela,Panposh,Panposh Road,4,https://www.booking.com/hotel/in/mayfair-rourkela.html,9846992,50
286397,Hotel Abad,Cochin,"Chullikkal,Fort Kochi",2,https://www.booking.com/hotel/in/abad.html,8928923,19
286401,Abad Harmonia Ayurvedic Beach Resort,Kovalam,"Chowara P.O, Vizhinjam",3,https://www.booking.com/hotel/in/abad-harmonia.html,9220832,34
286405,VITS Mumbai International Airport,Mumbai,Andheri Kurla Road,4,https://www.booking.com/hotel/in/vits-mumbai.html,9395571,195
286408,Abad Turtle Beach,Mararikulam,"Varankavala, Pollathai P.O, Mararikulam",4,https://www.booking.com/hotel/in/abad-turtle-beach.html,8930663,29
286415,Mayfair Convention,Bhubaneshwar,"Opposite Mayfair Lagoon, Jaydev Vihar",4,https://www.booking.com/hotel/in/mayfair-convention.html,10336071,20
286449,Abad Metro,Cochin,"Rajaji Road, (Off MG Road)",2,https://www.booking.com/hotel/in/abad-metro.html,9405604,37
286558,Radha Hometel,Bangalore,"136/137, EPIP Industrial Area,Opp. SAP Labs,Whitelfield",3,https://www.booking.com/hotel/in/radha-hometel.html,8199342,204
286562,Muse Sarovar Portico Nehru Place,New Delhi,A1 Chirag Enclave Nehru Place,4,https://www.booking.com/hotel/in/the-muse-sarovar-portico.html,10430897,65
286565,"Fortune JP Palace, Mysore - Member ITC's Hotel Group",Mysore,"# 3, Abba Road, Nazarbad",5,https://www.booking.com/hotel/in/fortune-jp-palace.html,9765071,108
287064,The Sahil Hotel,Mumbai,"292 Bellasis Road, Opp City Centre Mall, Mumbai Central ",4,https://www.booking.com/hotel/in/sahil.html,11026873,82
287837,ibis Bengaluru Outer Ring Road,Bangalore,"Opposite RMZ Ecospace Business Park, Marthahalli,Sarjapur, Outer Ring Road",4,https://www.booking.com/hotel/in/ibis-bangalore-techpark.html,10920680,311
288125,Hotel Ajanta,New Delhi,"8647, Arakashan Road (500 meter from New Delhi Railway Station)",3,https://www.booking.com/hotel/in/ajanta-new-delhi.html,10599641,73
288434,Minerva Grand Secunderabad,Hyderabad,"Sarojini Devi Road,",4,https://www.booking.com/hotel/in/minerva-grand.html,6962529,111
288438,Raj Park Hotel Chennai,Chennai,"No.180, T.T.K. Road , Alwarpet,",4,https://www.booking.com/hotel/in/raj-park.html,7511932,116
288451,Green Park Hyderabad,Hyderabad,"Greenlands, Begumpet",4,https://www.booking.com/hotel/in/green-park.html,9405606,142
288452,Green Park Chennai,Chennai,"183, Nsk Salai, Vadapalani",5,https://www.booking.com/hotel/in/green-park-chennai.html,10563673,163
288453,"Green Park, Visakhapatnam",Visakhapatnam,Waltair Main Road,4,https://www.booking.com/hotel/in/green-park-vishakapatnam.html,9899672,44
288461,The Manor - A Boutique Hotel,New Delhi,77 Friends Colony West,3,https://www.booking.com/hotel/in/the-manor-new-delhi.html,10944132,14
288470,Hotel Maya Cottage,New Delhi,"8633, Arakashan Road, Ram Nagar",2,https://www.booking.com/hotel/in/delhi-city-centre.html,6472940,28
288515,Daspalla Hyderabad,Hyderabad,Road No 37 Jubilee Hills,4,https://www.booking.com/hotel/in/daspalla.html,10795554,109
288772,"Ginger Dona Paula, Goa",Panaji,"Plot No 12 & 13, La Oceana Colony, Dona Paula",3,https://www.booking.com/hotel/in/l-eden.html,6472944,19
288780,Meluha - The Fern,Mumbai,"Central Avenue, Hiranandani Gardens, Powai",5,https://www.booking.com/hotel/in/meluha-the-fern.html,11146345,140
288785,Fenicia Riverside Resort,Betul,"Rangali, Salcete, Cavelossim",4,https://www.booking.com/hotel/in/mayfair-hideaway-spa-resort.html,10033144,30
288788,"Fortune Murali Park, Vijayawada - Member ITC's Hotel Group",Vijayawāda,"40-1-28, M.G. Road, Lahhipet",4,https://www.booking.com/hotel/in/fortune-murali-park.html,9193292,94
288790,Mayfair Spa Resort & Casino,Gangtok,Lower Samdur Block,5,https://www.booking.com/hotel/in/mayfair-gangtok.html,9267273,30
288793,"Fortune Park Galaxy, Vapi - Member ITC's Hotel Group",Vapi,"National Highway No.8, G.I.D.C.",3,https://www.booking.com/hotel/in/fortune-galaxy.html,6721016,97
288802,"Fortune Park JP Celestial, Bengaluru - Member ITC's Hotel Group",Bangalore,"5/43, Race Course Road",4,https://www.booking.com/hotel/in/fortune-park-jp-celestial.html,9902845,129
288816,"Fortune Inn Valley View, Manipal - Member ITC's Hotel Group",Manipala,"Madhav Nagar, Udupi, Karnataka",3,https://www.booking.com/hotel/in/fortune-inn-valley-view.html,10507810,67
288842,Park Inn by Radisson Goa Candolim,Candolim,Sequera Vado,4,https://www.booking.com/hotel/in/phoenix-park-inn-goa.html,10688878,128
289070,The South Park Hotel,Trivandrum,"M. G. Road, Palayam",5,https://www.booking.com/hotel/in/fortune-the-south-park.html,9311904,77
289087,Clarion Bella Casa at Airport,Jaipur,"Cityplex 1, Ashram Marg, Tonk Road",4,https://www.booking.com/hotel/in/fortune-bella-casa.html,9514809,106
289753,Hotel AGC,Aurangabad,"Airport road, Mukundwadi Circle",4,https://www.booking.com/hotel/in/aurangabad-gymkhana-club.html,8320039,96
289799,"Fortune Resort Sullivan Court, Ooty - Member ITC's Hotel Group",Ooty,"123, Selbourne Road, Opp. Rose Garden",4,https://www.booking.com/hotel/in/fortune-resort-sullivan-court.html,10583451,67
289812,Ginger Vadodara,Vadodara,"Survey 4 (2)(B), Fatehgunj Camp Road,",3,https://www.booking.com/hotel/in/ginger-vadodara.html,6962542,97
289815,Ginger Trivandrum,Kazhakuttam,"Next To Technopark Club House,",3,https://www.booking.com/hotel/in/ginger-trivandrum.html,6472968,89
289817,Ginger Surat,Surat,"Off Dumus Road, Near Iskon Mall, Piplod",3,https://www.booking.com/hotel/in/ginger-surat.html,6962543,108
289818,Ginger Pondicherry,Pondicherry,"Old Venus Theatre, Karuvadikuppam, Main Road, Saram Revenue Village, Oulgaret Municipality,",3,https://www.booking.com/hotel/in/ginger-pondicherry.html,8230441,93
289819,Ginger Pantnagar,Pantnagar,"Plot No.1, Commercial Sector, Iie Sidcul,",3,https://www.booking.com/hotel/in/ginger-pantnagar.html,7421019,79
289821,Ginger Nashik,Nashik,"Plot No P 20 (Part), Satpur Midc, Near Satpur Midc Police Station (Near Bank Of India Satpur Branch), Nashik Trimbakeshwar Road,",3,https://www.booking.com/hotel/in/ginger-nashik.html,6652497,100
289824,Ginger Mangalore,Mangalore,"Kottara Chowki Junction,",3,https://www.booking.com/hotel/in/ginger-mangalore.html,6472969,106
289828,Ginger Guwahati,Guwahati,"Ihm Campus, Vip Road, Upper Hengrabari, Borbari",3,https://www.booking.com/hotel/in/ginger-guwahati.html,6652499,69
289832,Ginger Bhubaneshwar,Bhubaneshwar,"Opp Nalco Headquarters, Jayadev Vihar Nayapalli",4,https://www.booking.com/hotel/in/ginger-bhubaneshwar.html,6652500,156
289833,Ginger Agartala,Agartala,"Khejur Bagan, Airport Road, Barjala Mouja",3,https://www.booking.com/hotel/in/ginger-agartala.html,7066691,103
290152,Ginger Jamshedpur,Jamshedpur,"Ginger Jamshedpur, Plot No 678 & 1008, Opp. Voltas Building, Bistupur Main Road,",3,https://www.booking.com/hotel/in/ginger-jamshedpur.html,8201107,91
290153,Ginger Indore,Indore,"Ginger Indore, Chhoti Khajrani, A. B. Road, Near Shaniwar Darpan",3,https://www.booking.com/hotel/in/ginger-indore.html,8034354,94
290166,"Ananta Spa & Resort, Pushkar",Pushkar,"Village - Leela Sevri, 4 Kms Before Pushkar,Ajmer Pushkar Road, Pushkar, Distt. Ajmer",5,https://www.booking.com/hotel/in/ananta-spa-resorts.html,8886918,92
290206,Ramada Ahmedabad,Ahmedabad,Opp Prahladnagar Garden SG Highway,4,https://www.booking.com/hotel/in/ramada.html,7957654,90
291188,Hotel Baba Inn-By RCG Hotels,New Delhi,"7768-69, 1B, Ram Nagar, Paharganj, Near New Delhi Railway Station",3,https://www.booking.com/hotel/in/baba-inn.html,9807417,24
291345,The Dukes Retreat,Lonavala,Old Mumbai - Pune Highway,4,https://www.booking.com/hotel/in/the-dukes-retreat-a-keys-resort.html,9332432,81
291383,Evershine Resort & Spa,Mahabaleshwar,"C.T.S No 182, Gautam Road",5,https://www.booking.com/hotel/in/evershine-a-keys-resort.html,10365432,81
292554,Hotel Bright,New Delhi,"M-85, Connaught Place (Outer Circle)",3,https://www.booking.com/hotel/in/bright.html,10865447,11
292812,Comfort Inn Sunset,Ahmedabad,"Airport Circle, Hansol, Airport - GandhiNagar Road",3,https://www.booking.com/hotel/in/comfort-inn-sunset.html,9705734,57
292817,Baia Do Sol - Beach boutique,Baga,"Baga Beach, Calangute",0,https://www.booking.com/hotel/in/baia-do-sol.html,8701974,16
292842,Kairali - The Ayurvedic Healing Village,Chittūr,"PO- Olassery, Kodumbu",3,https://www.booking.com/hotel/in/kairali-the-ayurvedic-healing-village.html,9073701,30
293114,Devra Udaipur,Udaipur,"Sisarma, Bujra Road, Kalarohi",3,https://www.booking.com/hotel/in/devra-udaipur.html,8259396,8
293440,Four Seasons Hotel Mumbai,Mumbai,"114 Dr E Moses Road, Worli",5,https://www.booking.com/hotel/in/four-seasons-mumbai.html,11094343,276
293441,Toshali Royal View,Kūfrī,"PO Munda Ghat, Via Kanda Ghat, Kufri Chail Road, Shilon Bagh",4,https://www.booking.com/hotel/in/toshali-royal-view-shimla.html,8071321,62
293445,Toshali Sands,Puri,Puri Marine Drive,4,https://www.booking.com/hotel/in/toshali-sands.html,8584416,69
293446,Adamo The Bellus,Calangute,Naika Vaddo,4,https://www.booking.com/hotel/in/adamo-the-bellus.html,7916222,21
293458,Hotel Sidhartha,Agra,"Western Gate, Taj Mahal, Taj Ganj,(near R.K. Studio barrier)",2,https://www.booking.com/hotel/in/sidhartha-agra.html,9369100,22
293459,Octave Hotel & Spa - Sarjapur Road,Bangalore,"14 Kailkondanahalli Village, Next to Total Mall, Sarjapur Road",3,https://www.booking.com/hotel/in/hotelvishwaratna.html,9628122,39
293493,Tea Bungalow,Cochin,"1/1901, Kunumpuram, Fortkochi",3,https://www.booking.com/hotel/in/tea-bungalow.html,10303191,10
293751,Jai Niwas Garden Hotel,Jaipur,"3, Jalupura Scheme, Gopinath Marg, Off M. I. Road",3,https://www.booking.com/hotel/in/jai-niwas.html,10518527,32
293759,Tara Niwas,Jaipur,"B-22/B, Behind Chandni Craft, Shiv Marg, Bani Park",3,https://www.booking.com/hotel/in/tara-niwas.html,9793410,49
294086,Sofitel Mumbai BKC,Mumbai,"C-57, Bandra Kurla Complex",5,https://www.booking.com/hotel/in/sofitel-mumbai-bkc.html,11185126,280
294371,"Le Meridien Gurgaon, Delhi NCR",Gurgaon,"M.G. Road, Sector- 26, Delhi-Gurgaon Border, Gurgaon ",5,https://www.booking.com/hotel/in/pullman-gurgaon-central-park.html,10776143,283
296010,Jaipur Marriott Hotel,Jaipur,"Near Jawahar Circle, Ashram Marg,",5,https://www.booking.com/hotel/in/jaipur-marriott.html,10713496,374
297105,Chunda Palace,Udaipur,1 Haridas Ji Ki Magari,5,https://www.booking.com/hotel/in/chunda-palace.html,10197978,50
297158,Savista Retreat,Jaipur,"Village Sanjharia, P.O. Thikaria, Ajmer Road Jaipur",4,https://www.booking.com/hotel/in/savista-retreat-spa.html,8676961,13
297588,Hyatt Pune,Pune,"Kalyani Nagar, 88 Nagar Road (Adj. Aga Khan Palace)",5,https://www.booking.com/hotel/in/hyatt-pune.html,10891458,285
297589,Hyatt Centric MG Road Bangalore,Bangalore,"1/1, Swami Vivekananda Road, Ulsoor",5,https://www.booking.com/hotel/in/hyatt-bangalore-mg-road.html,10680655,279
297591,Hyatt Regency Amritsar,Amritsar,"MBM Farms, G.T. Road, Adjacent to mall of Amritsar, Main Gt Road",5,https://www.booking.com/hotel/in/ista-amritsar.html,10976406,317
297906,Park Prime,Jaipur,"C-59 Prithviraj Road C-Scheme,Jaipur 302001",3,https://www.booking.com/hotel/in/park-prime-jaipur.html,6388451,84
297913,Hotel Broadway Udaipur,Udaipur,"Burman Chambers, UIT Bridge Saheli Marg",3,https://www.booking.com/hotel/in/broadway.html,2293558,6
298125,Fateh Garh Resort by Fateh Collection,Udaipur,Sisarama Village Bujara Road,4,https://www.booking.com/hotel/in/fatehgarh.html,9181749,55
298150,O Hotel Pune,Pune,"North Main Road, Koregaon Park",5,https://www.booking.com/hotel/in/the-o.html,10518531,112
298152,Bellavista Resort Munnar,Munnar,Chithirapuram,3,https://www.booking.com/hotel/in/bellavista-resort-munnar.html,7731459,18
298427,Melange Astris,Bangalore,"1, Langford Garden, Richmond Road",4,https://www.booking.com/hotel/in/melange-astris.html,10712547,96
298780,Ideal Ayurvedic Resort Kovalam,Kovalam,"Kovalam, Chowara Beach Village, India",3,https://www.booking.com/hotel/in/ideal-ayurvedic-resort.html,10087887,33
299057,JW Marriott Hotel Chandigarh,Chandīgarh,"Plot no: 6, Sector 35-B, Dakshin Marg",5,https://www.booking.com/hotel/in/jw-marriott-chandigarh.html,10979124,223
299312,"Svenska Design Hotel, Electronic City, Bangalore",Bangalore,"56 D, Electronic City Opposite Wipro Gate No. 5",5,https://www.booking.com/hotel/in/svenska-design-bangalore.html,7675812,56
299691,Suryagarh Jaisalmer,Jaisalmer,"Kahala Phata, Sam Road, Jaisalmer",5,https://www.booking.com/hotel/in/suryagarh.html,10400580,62
299729,Surasena Regal Vista Agra,Agra,"A/C - 1/2, Taj Nagri, Phase 2, Fatehbad Road",4,https://www.booking.com/hotel/in/rajmahal.html,6856313,77
299736,Best Western Merrion,Amritsar,"45,District Shopping complex,B-Block,Ranjit Avenue",4,https://www.booking.com/hotel/in/best-western-merrion.html,9194839,40
299743,Vesta International,Jaipur,S-3 Linking Road Gopalbari Near Ajmer Flyover,4,https://www.booking.com/hotel/in/vesta-international.html,8680434,83
299965,The Cambay Grand,Ahmedabad,"Near PERD Center, Sola Over Bridge Thaltej",4,https://www.booking.com/hotel/in/the-cambay-grand.html,6963117,140
299995,Four Points by Sheraton Hotel and Serviced Apartments Pune,Pune,"5th Mile Stone, Viman Nagar, Pune",5,https://www.booking.com/hotel/in/four-points-by-sheraton-pune.html,10443276,156
300016,Ramada Udaipur Resort & Spa,Udaipur,"Rampura Circle, Khodiyat Road",5,https://www.booking.com/hotel/in/lotus-lake-view-resorts.html,9612174,73
300336,Grand Gardenia,Tiruchchirāppalli,"22-25,Mannarpuram Junction",3,https://www.booking.com/hotel/in/grand-gardenia.html,7310119,38
300376,"Park Inn by Radisson,South Delhi",New Delhi,"1 & 2  Ring Road, Lajpat Nagar",5,https://www.booking.com/hotel/in/park-inn-radisson-new-delhi.html,11066955,66
300484,The Kothi Heritage,Jodhpur,Bachraj Ji Ka Bagh,3,https://www.booking.com/hotel/in/the-kothi-heritage.html,9734200,20
300485,Vikram Vintage Inn,Nainital,"Near Chamber's High Court, Mallital, Nainital, Uttarakhand 263001",4,https://www.booking.com/hotel/in/vikram-vintage-inn.html,8725970,38
300663,"Fortune Landmark, Ahmedabad - Member ITC's Hotel Group",Ahmedabad,"Ashram Road,",5,https://www.booking.com/hotel/in/fortune-landmark.html,9107256,95
300670,"Fortune Resort Grace, Mussoorie - Member ITC's Hotel Group",Mussoorie,"Library Bazaar, Gandhi Chowk",4,https://www.booking.com/hotel/in/fortune-resort-grace.html,10380290,74
300676,Taj Inn Hotel,Agra,"18/163, B/4, Taj View Crossing, Fatehbad Road",3,https://www.booking.com/hotel/in/taj-inn.html,8952438,35
300685,Indeco Hotels Swamimalai,Kumbakonam,"No.6/30 B- Agraharam, Thimmakudy Village,Baburajapuram Post",3,https://www.booking.com/hotel/in/indeco-hotels-swamimalai.html,8373717,77
300756,INDeco Lake Forest,Yercaud,"Ondikadai post, Yercaud, Salem 636602",0,https://www.booking.com/hotel/in/indeco-s-lake-forest.html,8201137,30
300996,"Amritara The Poovath Beachfront Heritage, Fort Kochi",Cochin,"Fort Kochi Beach, DC Road",4,https://www.booking.com/hotel/in/poovath-heritage.html,10563686,10
301408,"Hotel Swosti Grand, Bhubaneswar",Bhubaneshwar,"103, Janpath, Unit-3",3,https://www.booking.com/hotel/in/swosti.html,7024057,54
301409,Hotel Swosti Premium Bhubaneswar,Bhubaneshwar,"P-1, Jayadev Vihar",5,https://www.booking.com/hotel/in/swosti-premium.html,8888796,146
301424,Gokulam Grand Turtle On The Beach,Kovalam,"VPI/439, ITDC Road Kovalam,",5,https://www.booking.com/hotel/in/turtle-on-the-beach.html,9398427,43
301652,FabHotel Cambay Sapphire,Ahmedabad,"132 ft Ring Road, Adjacent to Jivraj Park Over-Bridge",3,https://www.booking.com/hotel/in/cambay-sapphire.html,9120878,40
301850,"Lemon Tree Hotel, Aurangabad",Aurangabad,"R 7/2, Chikalthana, Airport Road",4,https://www.booking.com/hotel/in/lemon-tree-aurangabad-aurangabad.html,9924907,74
302161,Hotel Vrindavan,Fatehpur Sīkri,Buland Gate Crossing,2,https://www.booking.com/hotel/in/vrindavan.html,7488240,13
302210,Hotel Pooja Palace,New Delhi,"15A/11 Wea, Opp Puja Park, Near Karol Bagh Metro Station",3,https://www.booking.com/hotel/in/pooja-palace.html,9914076,30
304591,The Lalit Laxmi Vilas Palace,Udaipur,Fatesh Sagar Road,5,https://www.booking.com/hotel/in/the-lalit-laxmi-vilas-palace.html,10517376,55
304592,The Lalit Temple View,Khajurāho,Opposite Circuit House,5,https://www.booking.com/hotel/in/the-lalit-temple-view.html,8136786,60
